ManagerID,Name,Email,Phone
5000000,Emma Johnson,Emma Johnson@manageremail.com,(736) 809-4195
5000001,Benjamin Lee,Benjamin Lee@manageremail.com,(763) 946-3410
5000002,Olivia Smith,Olivia Smith@manageremail.com,(366) 455-7718
5000003,Ethan Davis,Ethan Davis@manageremail.com,(693) 768-7888
5000004,Sophia Martinez,Sophia Martinez@manageremail.com,(838) 490-6296
5000005,William Anderson,William Anderson@manageremail.com,(681) 499-6895
5000006,Ava Wilson,Ava Wilson@manageremail.com,(873) 754-4068
5000007,James Garcia,James Garcia@manageremail.com,(645) 417-7920
5000008,Mia Brown,Mia Brown@manageremail.com,(629) 990-1195
5000009,Noah Taylor,Noah Taylor@manageremail.com,(978) 618-5068
5000010,Charlotte Jackson,Charlotte Jackson@manageremail.com,(362) 247-4773
5000011,Alexander White,Alexander White@manageremail.com,(999) 422-0105
5000012,Harper Thompson,Harper Thompson@manageremail.com,(749) 600-1197
5000013,Daniel Harris,Daniel Harris@manageremail.com,(917) 229-8731
5000014,Amelia Clark,Amelia Clark@manageremail.com,(740) 612-9113
5000015,Michael Turner,Michael Turner@manageremail.com,(700) 677-4417
5000016,Abigail Moore,Abigail Moore@manageremail.com,(949) 925-6849
5000017,Matthew Hall,Matthew Hall@manageremail.com,(235) 756-8179
5000018,Emily Lewis,Emily Lewis@manageremail.com,(994) 258-0467
5000019,Joseph Walker,Joseph Walker@manageremail.com,(933) 605-5872
5000020,Sofia Perez,Sofia Perez@manageremail.com,(271) 777-3761
5000021,Christopher Allen,Christopher Allen@manageremail.com,(500) 816-7731
5000022,Scarlett Wright,Scarlett Wright@manageremail.com,(372) 635-7571
5000023,David King,David King@manageremail.com,(300) 757-7109
5000024,Madison Young,Madison Young@manageremail.com,(809) 206-0850
5000025,Benjamin Green,Benjamin Green@manageremail.com,(522) 822-1163
5000026,Avery Baker,Avery Baker@manageremail.com,(272) 823-0313
5000027,Samuel Hill,Samuel Hill@manageremail.com,(644) 603-3770
5000028,Grace Adams,Grace Adams@manageremail.com,(453) 910-5683
5000029,Daniel Murphy,Daniel Murphy@manageremail.com,(570) 609-8699
5000030,Lily Rivera,Lily Rivera@manageremail.com,(268) 423-6814
5000031,Jackson Cook,Jackson Cook@manageremail.com,(746) 929-1664
5000032,Harper Bailey,Harper Bailey@manageremail.com,(503) 606-2156
5000033,Aiden Collins,Aiden Collins@manageremail.com,(812) 704-9313
5000034,Elizabeth Mitchell,Elizabeth Mitchell@manageremail.com,(630) 303-2938
5000035,Elijah Carter,Elijah Carter@manageremail.com,(504) 260-1420
5000036,Victoria Foster,Victoria Foster@manageremail.com,(991) 474-7957
5000037,Samuel Ross,Samuel Ross@manageremail.com,(931) 531-4250
5000038,Zoey Jenkins,Zoey Jenkins@manageremail.com,(943) 260-9034
5000039,William Hayes,William Hayes@manageremail.com,(392) 968-7169
5000040,Chloe Cooper,Chloe Cooper@manageremail.com,(648) 477-0570
5000041,Alexander Reed,Alexander Reed@manageremail.com,(648) 551-2893
5000042,Addison Nelson,Addison Nelson@manageremail.com,(428) 900-8495
5000043,Joseph Powell,Joseph Powell@manageremail.com,(464) 927-2942
5000044,Mia Ward,Mia Ward@manageremail.com,(219) 301-8849
5000045,Benjamin Scott,Benjamin Scott@manageremail.com,(289) 279-5665
5000046,Sophia Price,Sophia Price@manageremail.com,(690) 951-2914
5000047,Mason Morgan,Mason Morgan@manageremail.com,(402) 378-6872
5000048,Ava Butler,Ava Butler@manageremail.com,(534) 859-3825