SupplierID,Name,ContactPerson,Email,Phone
6000000,Apex Solutions,Olivia Smith,Olivia Smith@supplyemail.com,(272) 945-4822
6000001,CrystalTech Industries,Benjamin Lee,Benjamin Lee@supplyemail.com,(922) 268-2262
6000002,Quantum Innovations,Sophia Davis,Sophia Davis@supplyemail.com,(465) 796-8340
6000003,Stellar Services,William Anderson,William Anderson@supplyemail.com,(365) 406-4560
6000004,Alpha Dynamics,Ava Wilson,Ava Wilson@supplyemail.com,(977) 225-6393
6000005,Fusion Enterprises,James Martinez,James Martinez@supplyemail.com,(366) 450-3743
6000006,Silverline Technologies,Mia Brown,Mia Brown@supplyemail.com,(645) 505-6852
6000007,OmniCorp Solutions,Noah Taylor,Noah Taylor@supplyemail.com,(416) 381-1632
6000008,Visionary Ventures,Charlotte Clark,Charlotte Clark@supplyemail.com,(222) 691-4045
6000009,PrimeWave Systems,Alexander White,Alexander White@supplyemail.com,(474) 371-1030
6000010,Titan Innovations,Amelia Harris,Amelia Harris@supplyemail.com,(924) 824-6295
6000011,BlueSky Consulting,Daniel Moore,Daniel Moore@supplyemail.com,(839) 526-8160
6000012,Zenith Industries,Harper Jackson,Harper Jackson@supplyemail.com,(640) 290-5047
6000013,EchoTech Solutions,Michael Thompson,Michael Thompson@supplyemail.com,(673) 704-9688
6000014,GreenWave Enterprises,Abigail Turner,Abigail Turner@supplyemail.com,(544) 301-4183
6000015,Infinity Strategies,Matthew Lewis,Matthew Lewis@supplyemail.com,(685) 341-1580
6000016,Mercury Holdings,Emily Garcia,Emily Garcia@supplyemail.com,(203) 441-8921
6000017,Nexus Technologies,Joseph Young,Joseph Young@supplyemail.com,(465) 754-5621
6000018,Pulse Systems,Sofia Allen,Sofia Allen@supplyemail.com,(233) 533-2326
6000019,Synergy Solutions,Christopher Perez,Christopher Perez@supplyemail.com,(855) 487-4085
6000020,Horizon Industries,Samuel Baker,Samuel Baker@supplyemail.com,(466) 929-3577
6000021,Beacon Group,Grace Hill,Grace Hill@supplyemail.com,(762) 214-3821
6000022,RedRock Ventures,David Walker,David Walker@supplyemail.com,(427) 602-7932
6000023,Celestial Innovations,Madison Turner,Madison Turner@supplyemail.com,(458) 886-1203
6000024,Quantum Technologies,Benjamin Reed,Benjamin Reed@supplyemail.com,(304) 219-4338
6000025,Fusion Dynamics,Samuel Wright,Samuel Wright@supplyemail.com,(609) 200-7335
6000026,GoldStar Enterprises,Lily Adams,Lily Adams@supplyemail.com,(877) 968-3392
6000027,Velocity Ventures,Daniel Green,Daniel Green@supplyemail.com,(202) 718-2077
6000028,Paradigm Group,Addison King,Addison King@supplyemail.com,(290) 782-4472
6000029,Solstice Solutions,Victoria Nelson,Victoria Nelson@supplyemail.com,(337) 835-9983
6000030,AlphaWave Industries,Mason Mitchell,Mason Mitchell@supplyemail.com,(318) 538-9073
6000031,Sunflower Services,Elizabeth Powell,Elizabeth Powell@supplyemail.com,(375) 540-6663
6000032,Blackstone Innovations,Elijah Scott,Elijah Scott@supplyemail.com,(909) 891-2956
6000033,Unity Holdings,Aiden Carter,Aiden Carter@supplyemail.com,(740) 885-1401
6000034,Precision Strategies,Zoey Butler,Zoey Butler@supplyemail.com,(794) 926-0992
6000035,Skyline Enterprises,Samuel Murphy,Samuel Murphy@supplyemail.com,(785) 572-5285
6000036,OrionTech Systems,Samuel Hayes,Samuel Hayes@supplyemail.com,(783) 631-0268
6000037,Evergreen Innovations,Jackson Morgan,Jackson Morgan@supplyemail.com,(214) 359-1085
6000038,Terra Nova Technologies,Mia Foster,Mia Foster@supplyemail.com,(288) 768-9078
6000039,BlueRidge Consulting,Chloe Collins,Chloe Collins@supplyemail.com,(779) 279-4941
6000040,StellarWave Solutions,William Price,William Price@supplyemail.com,(237) 952-3091
6000041,Silverstone Holdings,Joseph Turner,Joseph Turner@supplyemail.com,(294) 805-5359
6000042,Elevate Industries,Olivia Reed,Olivia Reed@supplyemail.com,(295) 321-8277
6000043,Atlas Dynamics,Scarlett Allen,Scarlett Allen@supplyemail.com,(671) 627-9327
6000044,QuantumWave Ventures,Alexander Baker,Alexander Baker@supplyemail.com,(611) 916-8231
6000045,CrystalClear Solutions,Harper Wright,Harper Wright@supplyemail.com,(290) 485-2911
6000046,HorizonTech Innovations,Daniel Johnson,Daniel Johnson@supplyemail.com,(994) 636-8405
6000047,MercuryWave Services,Addison Adams,Addison Adams@supplyemail.com,(286) 687-0645
6000048,Vertex Group,William Lee,William Lee@supplyemail.com,(202) 860-5368